{
  "temporalPatterns": {
    "callsByHour": {
      "0": 11,
      "1": 3,
      "9": 2,
      "10": 5,
      "11": 13,
      "12": 19,
      "13": 21,
      "14": 21,
      "15": 22,
      "16": 13,
      "17": 20,
      "18": 14,
      "19": 26,
      "20": 29,
      "21": 41,
      "22": 30,
      "23": 10
    },
    "callsByDayOfWeek": {
      "0": 47,
      "1": 30,
      "2": 63,
      "3": 27,
      "4": 34,
      "5": 41,
      "6": 58
    },
    "peakHour": 21,
    "peakDay": 2,
    "transferRateByHour": {
      "0": 0.7272727272727273,
      "1": 0.3333333333333333,
      "9": 1,
      "10": 0.6,
      "11": 0.7692307692307693,
      "12": 0.7368421052631579,
      "13": 0.5714285714285714,
      "14": 0.6666666666666666,
      "15": 0.5909090909090909,
      "16": 0.5384615384615384,
      "17": 0.5,
      "18": 0.5,
      "19": 0.46153846153846156,
      "20": 0.7931034482758621,
      "21": 0.6097560975609756,
      "22": 0.43333333333333335,
      "23": 0.4
    },
    "transferRateByDayOfWeek": {
      "0": 0.574468085106383,
      "1": 0.5666666666666667,
      "2": 0.6349206349206349,
      "3": 0.6666666666666666,
      "4": 0.6470588235294118,
      "5": 0.5121951219512195,
      "6": 0.5689655172413793
    }
  },
  "restaurantComparison": {
    "tfOakwood": {
      "totalCalls": 150,
      "callEndReasonDist": {
        "CallTransfer": 107,
        "UserHangup": 39,
        "AgentHangup": 4
      },
      "reasonForCallingDist": {
        "Request to speak to a human, to a person, to customer service, to the host or the hostess": 40,
        "Placing an Order for Takeout or Delivery": 65,
        "Making a Reservation or Inquiring About Reservations": 9,
        "(empty)": 7,
        "Catering request": 1,
        "General Information and Amenities": 2,
        "Menu Inquiries and Special Dietary Needs": 9,
        "Unclassified": 11,
        "Questions About Restaurant Hours and Wait Times": 5,
        "Assistance with Online Platforms and Technical Issues": 1
      },
      "transferRate": 0.7133333333333334,
      "smsRate": 0.06,
      "autonomousResolutionRate": 0.02666666666666667,
      "avgDurationSeconds": 31,
      "frustrationRate": 0.64
    },
    "rtBuckhead": {
      "totalCalls": 150,
      "callEndReasonDist": {
        "CallTransfer": 71,
        "UserHangup": 76,
        "AgentHangup": 1,
        "UserInactivity": 2
      },
      "reasonForCallingDist": {
        "Lost Items Inquiries": 4,
        "Questions About Restaurant Hours and Wait Times": 18,
        "Request to speak to a human, to a person, to customer service, to the host or the hostess": 47,
        "General Information and Amenities": 3,
        "Making a Reservation or Inquiring About Reservations": 39,
        "Placing an Order for Takeout or Delivery": 25,
        "Employment Opportunities or Business Inquiries": 2,
        "Catering request": 1,
        "Unclassified": 5,
        "(empty)": 5,
        "Menu Inquiries and Special Dietary Needs": 1
      },
      "transferRate": 0.47333333333333333,
      "smsRate": 0.04666666666666667,
      "autonomousResolutionRate": 0.03333333333333333,
      "avgDurationSeconds": 42,
      "frustrationRate": 0.18
    }
  },
  "opportunities": [
    {
      "id": "O1",
      "title": "Fix reservation SMS confirmation (RT Buckhead)",
      "description": "The assistant collects reservation details and tells customers to check their phone for a confirmation SMS, but no SMS is ever sent. This affects 100% of RT Buckhead reservation calls.",
      "evidence": "39 reservation calls at RT Buckhead with 0 SMS sent. 19 calls with explicit broken promise detected.",
      "affectedCalls": 39,
      "estimatedMonthlyImpact": "39 customers per month receive no booking confirmation. Estimated 10–20% no-show rate without confirmation.",
      "proposedFix": "Debug and restore the SMS sender integration for the reservation confirmation flow. Add monitoring to alert if reservation SMS delivery rate drops below 90%.",
      "impactScore": 9,
      "effortScore": 4,
      "priority": 1
    },
    {
      "id": "O2",
      "title": "Eliminate avoidable transfers in TF Oakwood delivery",
      "description": "When customers call to place a delivery or pickup order, the assistant sends them the online order link and then transfers them to staff anyway. In 93.8% of delivery calls, the transfer adds no value.",
      "evidence": "61 of 65 TF Oakwood delivery calls transfer after the link was sent or offered.",
      "affectedCalls": 61,
      "estimatedMonthlyImpact": "~61 fewer staff interruptions per month. Each transfer takes ~2 minutes of staff time.",
      "proposedFix": "Update the delivery flow: once the customer acknowledges receiving the link, end the conversation gracefully. Transfer should only happen if the customer explicitly requests it or the link fails to send.",
      "impactScore": 8,
      "effortScore": 3,
      "priority": 2
    },
    {
      "id": "O3",
      "title": "Add spam call detection and early rejection",
      "description": "Commercial solicitation calls (Google Business account pitches, system service offers) are currently answered by the assistant before it hangs up. These calls waste API tokens and distort metrics.",
      "evidence": "3 spam calls detected in 5 AgentHangup events. Spam represents 60% of all AgentHangup calls.",
      "affectedCalls": 3,
      "estimatedMonthlyImpact": "Minor direct impact (~5 calls/month), but high signal value: zero legitimate calls should end in AgentHangup. Fixing this cleans up a key metric.",
      "proposedFix": "Implement a pre-response keyword filter for the first customer message. If spam patterns are detected (commercial solicitation keywords), immediately hang up or play a rejection message.",
      "impactScore": 5,
      "effortScore": 2,
      "priority": 3
    },
    {
      "id": "O4",
      "title": "Reduce direct human-bypass rate through better assistant onboarding",
      "description": "29% of all calls request a human agent immediately, before attempting to use the AI assistant. This suggests customers do not know what the AI can do or do not trust it to help them.",
      "evidence": "87 of 300 calls (29%) have \"request to speak to a human\" as the primary reason.",
      "affectedCalls": 87,
      "estimatedMonthlyImpact": "If even 30% of these calls could be resolved by the AI, that is ~26 fewer transfers per month.",
      "proposedFix": "Rewrite the opening greeting to clearly state the assistant's capabilities: 'I can help you with orders, reservations, wait times, hours, and more. How can I help you today?' Consider adding a brief 3-second pause before the greeting so callers know the call connected.",
      "impactScore": 7,
      "effortScore": 3,
      "priority": 4
    }
  ],
  "kbGaps": [
    {
      "topic": "Online ordering / delivery flow",
      "restaurant": "RT Buckhead",
      "callCount": 25,
      "description": "25 delivery/pickup calls at RT Buckhead but only 4 SMS sent. The delivery flow is not configured or integrated for this restaurant."
    },
    {
      "topic": "Online platform / app assistance",
      "restaurant": "TF Oakwood",
      "callCount": 1,
      "description": "Customers calling with app/online ordering issues are not being helped effectively. No specific flow exists for this category."
    },
    {
      "topic": "Human-bypass intent",
      "restaurant": "RT Buckhead",
      "callCount": 87,
      "description": "87 calls request a human immediately (TF Oakwood: 40, RT Buckhead: 47). Neither assistant has an onboarding step that demonstrates its capabilities before callers bypass to human. Adding a 5-second capability preview (\"I can take orders, check hours, and make reservations — what do you need?\") would reduce bypass attempts."
    }
  ]
}